Address,Address Info,City,Province,Title,Category,Phone Number
1675 Lake Shore Blvd East,,Toronto,Ontario,Woodbine Beach,Beach,311
195 Rouge Hills Drive,,Toronto,Ontario,Rouge Beach,Beach,311
350 King Street West,,Toronto,Ontario,TIFF Bell Lightbox,Cinema,416-599-8433
2901 Yonge St,,Toronto,Ontario,Alexander Muir Memorial Gardens,Featured Park,311
1675 Lake Shore Boulevard East,,Toronto,Ontario,Ashbridges Bay Park,Featured Park,311
1 Brimley Road South,,Toronto,Ontario,Bluffers Park (Scarborough Bluffs),Featured Park,311
256 Centennial Park Road,,Toronto,Ontario,Centennial Park,Featured Park,311
7450 Kingston Road,,Toronto,Ontario,Glen Rouge Campground,Featured Park,416-287-2267
201 Guildwood Parkway,,Toronto,Ontario,Guildwood Park,Featured Park,416-397-2628
1873 Bloor Street West,,Toronto,Ontario,High Park,Featured Park,311
205 Humber College Blvd,,Toronto,Ontario,Humber Arboretum,Featured Park,416-287-2267
2075 Queen Street East,,Toronto,Ontario,Kew Gardens,Featured Park,311
550 Broadview Ave,,Toronto,Ontario,Riverdale Park East,Featured Park,311
500 Gerrard Street East,,Toronto,Ontario,Riverdale Park West,Featured Park,311
1749 Meadowvale Road,,Toronto,Ontario,Rouge Park,Featured Park,905-713-6038
479 Queen's Quay West,,Toronto,Ontario,Toronto Music Garden,Featured Park,311
